rank,cn_title,eng_title,more_title,country,eng_dir,score,num_of_reviews,year,img,url
1,肖申克的救赎,The Shawshank Redemption,月黑高飞(港)  /  刺激1995(台),U.S.,Frank Darabont,9.6,1468443,1994,https://img3.doubanio.com/view/photo/s_ratio_poster/public/p480747492.jpg,https://movie.douban.com/subject/1292052/
2,霸王别姬,再见，我的妾  /  Farewell My Concubine,再见，我的妾  /  Farewell My Concubine,China,Kaige Chen,9.6,1087882,1993,https://img3.doubanio.com/view/photo/s_ratio_poster/public/p1910813120.jpg,https://movie.douban.com/subject/1291546/
3,这个杀手不太冷,Léon,杀手莱昂  /  终极追杀令(台),France,Luc Besson,9.4,1336217,1994,https://img3.doubanio.com/view/photo/s_ratio_poster/public/p511118051.jpg,https://movie.douban.com/subject/1295644/
4,阿甘正传,Forrest Gump,福雷斯特·冈普,U.S.,Robert Zemeckis,9.4,1154031,1994,https://img3.doubanio.com/view/photo/s_ratio_poster/public/p2559011361.jpg,https://movie.douban.com/subject/1292720/
5,美丽人生,La vita è bella,一个快乐的传说(港)  /  Life Is Beautiful,Italy,Roberto Benigni,9.5,676762,1997,https://img3.doubanio.com/view/photo/s_ratio_poster/public/p510861873.jpg,https://movie.douban.com/subject/1292063/
6,泰坦尼克号,Titanic,铁达尼号(港 / 台),U.S.,James Cameron,9.4,1095083,1997,https://img3.doubanio.com/view/photo/s_ratio_poster/public/p457760035.jpg,https://movie.douban.com/subject/1292722/
7,千与千寻,千と千尋の神隠し,神隐少女(台)  /  千与千寻的神隐,Japan,Hayao Miyazaki,9.3,1149448,2001,https://img1.doubanio.com/view/photo/s_ratio_poster/public/p2557573348.jpg,https://movie.douban.com/subject/1291561/
8,辛德勒的名单,Schindler's List,舒特拉的名单(港)  /  辛德勒名单,U.S.,Steven Spielberg,9.5,602314,1993,https://img3.doubanio.com/view/photo/s_ratio_poster/public/p492406163.jpg,https://movie.douban.com/subject/1295124/
9,盗梦空间,Inception,潜行凶间(港)  /  全面启动(台),U.S.,Christopher Nolan,9.3,1151839,2010,https://img3.doubanio.com/view/photo/s_ratio_poster/public/p513344864.jpg,https://movie.douban.com/subject/3541415/
10,忠犬八公的故事,Hachi: A Dog's Tale,忠犬小八(台)  /  秋田犬八千(港),U.S.,Lasse Hallström,9.3,765400,2009,https://img3.doubanio.com/view/photo/s_ratio_poster/public/p524964016.jpg,https://movie.douban.com/subject/3011091/
11,机器人总动员,WALL·E,瓦力(台)  /  太空奇兵·威E(港),U.S.,Andrew Stanton,9.3,762871,2008,https://img3.doubanio.com/view/photo/s_ratio_poster/public/p1461851991.jpg,https://movie.douban.com/subject/2131459/
12,三傻大闹宝莱坞,3 Idiots,三个傻瓜(台)  /  作死不离3兄弟(港),India,Rajkumar Hirani,9.2,1037916,2009,https://img3.doubanio.com/view/photo/s_ratio_poster/public/p579729551.jpg,https://movie.douban.com/subject/3793023/
13,海上钢琴师,La leggenda del pianista sull'oceano,声光伴我飞(港)  /  一九零零的传奇,Italy,Giuseppe Tornatore,9.2,848588,1998,https://img1.doubanio.com/view/photo/s_ratio_poster/public/p511146807.jpg,https://movie.douban.com/subject/1292001/
14,放牛班的春天,Les choristes,歌声伴我心(港)  /  唱诗班男孩,France,Christophe Barratier,9.3,720964,2004,https://img3.doubanio.com/view/photo/s_ratio_poster/public/p1910824951.jpg,https://movie.douban.com/subject/1291549/
15,楚门的世界,The Truman Show,真人Show(港)  /  真人戏,U.S.,Peter Weir,9.2,800256,1998,https://img3.doubanio.com/view/photo/s_ratio_poster/public/p479682972.jpg,https://movie.douban.com/subject/1292064/
16,大话西游之大圣娶亲,西遊記大結局之仙履奇緣,西游记完结篇仙履奇缘  /  齐天大圣西游记,Hong Kong,Jeffrey Lau,9.2,804525,1995,https://img3.doubanio.com/view/photo/s_ratio_poster/public/p2455050536.jpg,https://movie.douban.com/subject/1292213/
17,星际穿越,Interstellar,星际启示录(港)  /  星际效应(台),U.S.,Christopher Nolan,9.2,825937,2014,https://img3.doubanio.com/view/photo/s_ratio_poster/public/p2206088801.jpg,https://movie.douban.com/subject/1889243/
18,龙猫,となりのトトロ,邻居托托罗  /  邻家的豆豆龙,Japan,Hayao Miyazaki,9.2,714509,1988,https://img3.doubanio.com/view/photo/s_ratio_poster/public/p2540924496.jpg,https://movie.douban.com/subject/1291560/
19,教父,The Godfather,Mario Puzo's The Godfather,U.S.,Francis Ford Coppola,9.3,520529,1972,https://img3.doubanio.com/view/photo/s_ratio_poster/public/p616779645.jpg,https://movie.douban.com/subject/1291841/
20,熔炉,도가니,无声呐喊(港)  /  漩涡,Korea,Dong-hyuk Hwang,9.3,470702,2011,https://img3.doubanio.com/view/photo/s_ratio_poster/public/p1363250216.jpg,https://movie.douban.com/subject/5912992/
21,无间道,無間道,Infernal Affairs  /  Mou gaan dou,Hong Kong,/ ,9.2,662324,2002,https://img3.doubanio.com/view/photo/s_ratio_poster/public/p2233971046.jpg,https://movie.douban.com/subject/1307914/
22,疯狂动物城,Zootopia,优兽大都会(港)  /  动物方城市(台),U.S.,Byron Howard / · Rich Moore,9.2,915500,2016,https://img1.doubanio.com/view/photo/s_ratio_poster/public/p2315672647.jpg,https://movie.douban.com/subject/25662329/
23,当幸福来敲门,The Pursuit of Happyness,寻找快乐的故事(港)  /  追求快乐,U.S.,Gabriele Muccino,9.0,842060,2006,https://img3.doubanio.com/view/photo/s_ratio_poster/public/p1312700744.jpg,https://movie.douban.com/subject/1849031/
24,怦然心动,Flipped,萌动青春  /  青春萌动,U.S.,Rob Reiner,9.0,934215,2010,https://img3.doubanio.com/view/photo/s_ratio_poster/public/p663036666.jpg,https://movie.douban.com/subject/3319755/
25,触不可及,Intouchables,闪亮人生(港)  /  逆转人生(台),France,Olivier Nakache / · Eric Toledano,9.2,554088,2011,https://img3.doubanio.com/view/photo/s_ratio_poster/public/p1454261925.jpg,https://movie.douban.com/subject/6786002/
26,蝙蝠侠：黑暗骑士,The Dark Knight,蝙蝠侠前传2：黑暗骑士  /  黑暗骑士(台),U.S.,Christopher Nolan,9.1,540263,2008,https://img3.doubanio.com/view/photo/s_ratio_poster/public/p462657443.jpg,https://movie.douban.com/subject/1851857/
27,乱世佳人,Gone with the Wind,飘,U.S.,Victor Fleming / · George Cukor,9.3,383793,1939,https://img3.doubanio.com/view/photo/s_ratio_poster/public/p1963126880.jpg,https://movie.douban.com/subject/1300267/
28,活着,人生  /  Lifetimes,人生  /  Lifetimes,China,Yimou Zhang,9.2,429551,1994,https://img3.doubanio.com/view/photo/s_ratio_poster/public/p2513253791.jpg,https://movie.douban.com/subject/1292365/
29,控方证人,Witness for the Prosecution,雄才伟略  /  情妇,U.S.,Billy Wilder,9.6,190058,1957,https://img1.doubanio.com/view/photo/s_ratio_poster/public/p1505392928.jpg,https://movie.douban.com/subject/1296141/
30,少年派的奇幻漂流,Life of Pi,少年Pi的奇幻漂流  /  漂流少年Pi,U.S.,Ang Lee,9.0,832313,2012,https://img3.doubanio.com/view/photo/s_ratio_poster/public/p1784592701.jpg,https://movie.douban.com/subject/1929463/
31,指环王3：王者无敌,The Lord of the Rings: The Return of the King,魔戒三部曲：王者再临(台 / 港),U.S.,Peter Jackson,9.2,420519,2003,https://img3.doubanio.com/view/photo/s_ratio_poster/public/p1910825503.jpg,https://movie.douban.com/subject/1291552/
32,天堂电影院,Nuovo Cinema Paradiso,星光伴我心(港)  /  新天堂乐园(台),Italy,Giuseppe Tornatore,9.2,409416,1988,https://img1.doubanio.com/view/photo/s_ratio_poster/public/p2559577569.jpg,https://movie.douban.com/subject/1291828/
33,鬼子来了,Devils on the Doorstep,Devils on the Doorstep,China,Wen Jiang,9.2,349914,2000,https://img1.doubanio.com/view/photo/s_ratio_poster/public/p2553104888.jpg,https://movie.douban.com/subject/1291858/
34,天空之城,天空の城ラピュタ,Tenkû no shiro Rapyuta  /  Laputa: Castle in the Sky,Japan,Hayao Miyazaki,9.1,492995,1986,https://img1.doubanio.com/view/photo/s_ratio_poster/public/p1446261379.jpg,https://movie.douban.com/subject/1291583/
35,摔跤吧！爸爸,Dangal,我和我的冠军女儿(台)  /  打死不离3父女(港),India,Nitesh Tiwari,9.1,812760,2016,https://img3.doubanio.com/view/photo/s_ratio_poster/public/p2457983084.jpg,https://movie.douban.com/subject/26387939/
36,十二怒汉,12 Angry Men,12怒汉  /  十二怒汉,U.S.,Sidney Lumet,9.4,249107,1957,https://img3.doubanio.com/view/photo/s_ratio_poster/public/p2173577632.jpg,https://movie.douban.com/subject/1293182/
37,飞屋环游记,Up,冲天救兵(港)  /  天外奇迹(台),U.S.,Pete Docter / · Bob Peterson,9.0,748917,2009,https://img3.doubanio.com/view/photo/s_ratio_poster/public/p485887754.jpg,https://movie.douban.com/subject/2129039/
38,大话西游之月光宝盒,西遊記第壹佰零壹回之月光寶盒,西游记101回月光宝盒  /  齐天大圣东游记,Hong Kong,Jeffrey Lau,9.0,650824,1995,https://img3.doubanio.com/view/photo/s_ratio_poster/public/p1280323646.jpg,https://movie.douban.com/subject/1299398/
39,哈尔的移动城堡,ハウルの動く城,呼啸山城  /  霍尔的移动城堡,Japan,Hayao Miyazaki,9.0,551207,2004,https://img3.doubanio.com/view/photo/s_ratio_poster/public/p2174346180.jpg,https://movie.douban.com/subject/1308807/
40,搏击俱乐部,Fight Club,搏击会(港)  /  斗阵俱乐部(台),U.S.,David Fincher,9.0,532081,1999,https://img1.doubanio.com/view/photo/s_ratio_poster/public/p1910926158.jpg,https://movie.douban.com/subject/1292000/
41,罗马假日,Roman Holiday,金枝玉叶(港)  /  罗马假期(台),U.S.,William Wyler,9.0,559831,1953,https://img3.doubanio.com/view/photo/s_ratio_poster/public/p2189265085.jpg,https://movie.douban.com/subject/1293839/
42,闻香识女人,Scent of a Woman,女人香  /  女人的芳香,U.S.,Martin Brest,9.0,480103,1992,https://img1.doubanio.com/view/photo/s_ratio_poster/public/p2550757929.jpg,https://movie.douban.com/subject/1298624/
43,末代皇帝,The Last Emperor,末代皇帝溥仪(港),U.K.,Bernardo Bertolucci,9.2,336613,1987,https://img3.doubanio.com/view/photo/s_ratio_poster/public/p452089833.jpg,https://movie.douban.com/subject/1293172/
44,辩护人,변호인,逆权大状(港)  /  正义辩护人(台),Korea,Woo-seok Yang,9.2,331091,2013,https://img3.doubanio.com/view/photo/s_ratio_poster/public/p2158166535.jpg,https://movie.douban.com/subject/21937445/
45,寻梦环游记,Coco,可可夜总会(台)  /  玩转极乐园(港),U.S.,Lee Unkrich / · Adrian Molina,9.0,776778,2017,https://img1.doubanio.com/view/photo/s_ratio_poster/public/p2503997609.jpg,https://movie.douban.com/subject/20495023/
46,窃听风暴,Das Leben der Anderen,窃听者(港)  /  他人的生活,Germany,,9.1,332022,2006,https://img1.doubanio.com/view/photo/s_ratio_poster/public/p1808872109.jpg,https://movie.douban.com/subject/1900841/
47,素媛,소원,许愿  /  希望：为爱重生(台),Korea,Jun-ik Lee,9.2,307992,2013,https://img3.doubanio.com/view/photo/s_ratio_poster/public/p2118532944.jpg,https://movie.douban.com/subject/21937452/
48,两杆大烟枪,"Lock, Stock and Two Smoking Barrels",够姜四小强(港)  /  两根枪管(台),U.K.,Guy Ritchie,9.1,363077,1998,https://img1.doubanio.com/view/photo/s_ratio_poster/public/p792443418.jpg,https://movie.douban.com/subject/1293350/
49,死亡诗社,Dead Poets Society,暴雨骄阳(港)  /  春风化雨(台),U.S.,Peter Weir,9.0,404612,1989,https://img3.doubanio.com/view/photo/s_ratio_poster/public/p1910824340.jpg,https://movie.douban.com/subject/1291548/
50,飞越疯人院,One Flew Over the Cuckoo's Nest,飞越杜鹃窝(台)  /  飞越喜鹊巢,U.S.,Miloš Forman,9.1,366212,1975,https://img1.doubanio.com/view/photo/s_ratio_poster/public/p792238287.jpg,https://movie.douban.com/subject/1292224/
51,指环王2：双塔奇兵,The Lord of the Rings: The Two Towers,魔戒二部曲：双城奇谋  /  指环王II：双塔,U.S.,Peter Jackson,9.0,394739,2002,https://img3.doubanio.com/view/photo/s_ratio_poster/public/p909265336.jpg,https://movie.douban.com/subject/1291572/
52,教父2,The Godfather: Part Ⅱ,教父续集  /  教父II,U.S.,Francis Ford Coppola,9.2,282937,1974,https://img1.doubanio.com/view/photo/s_ratio_poster/public/p2194138787.jpg,https://movie.douban.com/subject/1299131/
53,指环王1：魔戒再现,The Lord of the Rings: The Fellowship of the Ring,魔戒首部曲：魔戒现身  /  指环王I：护戒使者,New Zealand,Peter Jackson,9.0,442833,2001,https://img3.doubanio.com/view/photo/s_ratio_poster/public/p1354436051.jpg,https://movie.douban.com/subject/1291571/
54,V字仇杀队,V for Vendetta,V煞(港)  /  V怪客(台),U.S.,James McTeigue,8.9,618393,2005,https://img3.doubanio.com/view/photo/s_ratio_poster/public/p1465235231.jpg,https://movie.douban.com/subject/1309046/
55,狮子王,The Lion King,狮子王3D,U.S.,Roger Allers / · Rob Minkoff,9.0,421490,1994,https://img1.doubanio.com/view/photo/s_ratio_poster/public/p726659067.jpg,https://movie.douban.com/subject/1301753/
56,美丽心灵,A Beautiful Mind,有你终生美丽(港)  /  美丽境界(台),U.S.,Ron Howard,9.0,430810,2001,https://img3.doubanio.com/view/photo/s_ratio_poster/public/p1665997400.jpg,https://movie.douban.com/subject/1306029/
57,饮食男女,飲食男女,Eat Drink Man Woman,Taiwan,Ang Lee,9.1,303986,1994,https://img3.doubanio.com/view/photo/s_ratio_poster/public/p1910899751.jpg,https://movie.douban.com/subject/1291818/
58,海豚湾,The Cove,血色海湾(台)  /  海湾,U.S.,Louie Psihoyos,9.3,241406,2009,https://img1.doubanio.com/view/photo/s_ratio_poster/public/p2559579779.jpg,https://movie.douban.com/subject/3442220/
59,情书,Love Letter,When I Close My Eyes  /  Letters of Love,Japan,Shunji Iwai,8.9,532022,1995,https://img1.doubanio.com/view/photo/s_ratio_poster/public/p449897379.jpg,https://movie.douban.com/subject/1292220/
60,钢琴家,The Pianist,战地琴声(台)  /  战地琴人,France,Roman Polanski,9.1,284834,2002,https://img3.doubanio.com/view/photo/s_ratio_poster/public/p792484461.jpg,https://movie.douban.com/subject/1296736/
61,本杰明·巴顿奇事,The Curious Case of Benjamin Button,奇幻逆缘(港)  /  班杰明的奇幻旅程(台),U.S.,David Fincher,8.8,562029,2008,https://img3.doubanio.com/view/photo/s_ratio_poster/public/p2192535722.jpg,https://movie.douban.com/subject/1485260/
62,看不见的客人,Contratiempo,佈局(台)  /  死无对证(港),Spain,Oriol Paulo,8.8,611528,2016,https://img3.doubanio.com/view/photo/s_ratio_poster/public/p2498971355.jpg,https://movie.douban.com/subject/26580232/
63,黑客帝国,The Matrix,廿二世纪杀人网络(港)  /  骇客任务(台),U.S.,Andy Wachowski / · Lana Wachowski,8.9,421043,1999,https://img1.doubanio.com/view/photo/s_ratio_poster/public/p451926968.jpg,https://movie.douban.com/subject/1291843/
64,哈利·波特与魔法石,Harry Potter and the Sorcerer's Stone,哈利波特1：神秘的魔法石(港 / 台),U.S.,Chris Columbus,8.9,447267,2001,https://img3.doubanio.com/view/photo/s_ratio_poster/public/p804947166.jpg,https://movie.douban.com/subject/1295038/
65,美国往事,Once Upon a Time in America,四海兄弟(台)  /  义薄云天(港),Italy,Sergio Leone,9.1,242311,1984,https://img1.doubanio.com/view/photo/s_ratio_poster/public/p477229647.jpg,https://movie.douban.com/subject/1292262/
66,大闹天宫,大闹天宫 上下集  /  The Monkey King,大闹天宫 上下集  /  The Monkey King,,Laiming Wan /  Cheng  Tang,9.3,178375,1961,https://img1.doubanio.com/view/photo/s_ratio_poster/public/p2184505167.jpg,https://movie.douban.com/subject/1418019/
67,西西里的美丽传说,Malèna,真爱伴我行(台)  /  玛莲娜,Italy,Giuseppe Tornatore,8.8,535063,2000,https://img3.doubanio.com/view/photo/s_ratio_poster/public/p495094144.jpg,https://movie.douban.com/subject/1292402/
68,小鞋子,بچههای آسمان,天堂的孩子  /  小童鞋,Iran,Majid Majidi,9.2,210596,1997,https://img3.doubanio.com/view/photo/s_ratio_poster/public/p2459528140.jpg,https://movie.douban.com/subject/1303021/
69,拯救大兵瑞恩,Saving Private Ryan,雷霆救兵(港)  /  抢救雷恩大兵(台),U.S.,Steven Spielberg,9.0,359339,1998,https://img3.doubanio.com/view/photo/s_ratio_poster/public/p1014542496.jpg,https://movie.douban.com/subject/1292849/
70,让子弹飞,让子弹飞一会儿  /  火烧云,让子弹飞一会儿  /  火烧云,China,Wen Jiang,8.8,912177,2010,https://img1.doubanio.com/view/photo/s_ratio_poster/public/p1512562287.jpg,https://movie.douban.com/subject/3742360/
71,致命魔术,The Prestige,顶尖对决(台)  /  死亡魔法(港),U.S.,Christopher Nolan,8.8,485988,2006,https://img3.doubanio.com/view/photo/s_ratio_poster/public/p480383375.jpg,https://movie.douban.com/subject/1780330/
72,七宗罪,Se7en,火线追缉令(台)  /  7宗罪,U.S.,David Fincher,8.8,580580,1995,https://img3.doubanio.com/view/photo/s_ratio_poster/public/p457631605.jpg,https://movie.douban.com/subject/1292223/
73,音乐之声,The Sound of Music,仙乐飘飘处处闻(港)  /  真善美(台),U.S.,Robert Wise,9.0,328712,1965,https://img3.doubanio.com/view/photo/s_ratio_poster/public/p2189265302.jpg,https://movie.douban.com/subject/1294408/
74,被嫌弃的松子的一生,嫌われ松子の一生,花样奇缘(港)  /  令人讨厌的松子的一生(台),Japan,Tetsuya Nakashima,8.9,433292,2006,https://img3.doubanio.com/view/photo/s_ratio_poster/public/p884763596.jpg,https://movie.douban.com/subject/1787291/
75,低俗小说,Pulp Fiction,黑色追緝令(台)  /  危险人物(港),U.S.,Quentin Tarantino,8.8,481220,1994,https://img3.doubanio.com/view/photo/s_ratio_poster/public/p1910902213.jpg,https://movie.douban.com/subject/1291832/
76,猫鼠游戏,Catch Me If You Can,逍遥法外  /  神鬼交锋(台),U.S.,Steven Spielberg,8.9,384950,2002,https://img3.doubanio.com/view/photo/s_ratio_poster/public/p453924541.jpg,https://movie.douban.com/subject/1305487/
77,沉默的羔羊,The Silence of the Lambs,沉默的羔羊,U.S.,Jonathan Demme,8.8,485250,1991,https://img1.doubanio.com/view/photo/s_ratio_poster/public/p1593414327.jpg,https://movie.douban.com/subject/1293544/
78,天使爱美丽,Le fabuleux destin d'Amélie Poulain,艾蜜莉的异想世界(台)  /  天使艾米莉,France,-· Jean-Pierre Jeunet,8.7,644112,2001,https://img3.doubanio.com/view/photo/s_ratio_poster/public/p2447590313.jpg,https://movie.douban.com/subject/1292215/
79,蝴蝶效应,The Butterfly Effect,蝴蝶效应,U.S.,Eric Bress / J·· J. Mackye Gruber,8.8,534354,2004,https://img1.doubanio.com/view/photo/s_ratio_poster/public/p2209066019.jpg,https://movie.douban.com/subject/1292343/
80,勇敢的心,Braveheart,惊世未了缘(港)  /  梅尔吉勃逊之英雄本色(台),U.S.,Mel Gibson,8.9,381101,1995,https://img3.doubanio.com/view/photo/s_ratio_poster/public/p1374546770.jpg,https://movie.douban.com/subject/1294639/
81,春光乍泄,春光乍洩,一起快乐  /  Happy Together,Hong Kong,Kar Wai Wong,8.9,357174,1997,https://img3.doubanio.com/view/photo/s_ratio_poster/public/p465939041.jpg,https://movie.douban.com/subject/1292679/
82,剪刀手爱德华,Edward Scissorhands,幻海奇缘(港)  /  剪刀手爱德华,U.S.,Tim Burton,8.7,660485,1990,https://img1.doubanio.com/view/photo/s_ratio_poster/public/p480956937.jpg,https://movie.douban.com/subject/1292370/
83,心灵捕手,Good Will Hunting,骄阳似我(港)  /  心灵捕手,U.S.,Gus Van Sant,8.8,392144,1997,https://img3.doubanio.com/view/photo/s_ratio_poster/public/p480965695.jpg,https://movie.douban.com/subject/1292656/
84,穿条纹睡衣的男孩,The Boy in the Striped Pajamas,穿条纹衣服的男孩  /  穿条纹衣的男孩,U.K.,Mark Herman,9.0,244752,2008,https://img3.doubanio.com/view/photo/s_ratio_poster/public/p1473670352.jpg,https://movie.douban.com/subject/3008247/
85,禁闭岛,Shutter Island,不赦岛(港)  /  隔离岛(台),U.S.,Martin Scorsese,8.7,522439,2010,https://img1.doubanio.com/view/photo/s_ratio_poster/public/p1832875827.jpg,https://movie.douban.com/subject/2334904/
86,布达佩斯大饭店,The Grand Budapest Hotel,布达佩斯大酒店(港)  /  欢迎来到布达佩斯大饭店(台),U.S.,Wes Anderson,8.8,485202,2014,https://img3.doubanio.com/view/photo/s_ratio_poster/public/p2178872593.jpg,https://movie.douban.com/subject/11525673/
87,阿凡达,Avatar,天神下凡(港)  /  化身,U.S.,James Cameron,8.7,764798,2009,https://img1.doubanio.com/view/photo/s_ratio_poster/public/p2180085848.jpg,https://movie.douban.com/subject/1652587/
88,入殓师,おくりびと,礼仪师之奏鸣曲(港)  /  礼仪师(台),Japan,Yôjirô Takita,8.8,395975,2008,https://img1.doubanio.com/view/photo/s_ratio_poster/public/p594972928.jpg,https://movie.douban.com/subject/2149806/
89,幽灵公主,もののけ姫,魔法公主  /  幽灵少女,Japan,Hayao Miyazaki,8.9,328804,1997,https://img3.doubanio.com/view/photo/s_ratio_poster/public/p1613191025.jpg,https://movie.douban.com/subject/1297359/
90,致命ID,Identity,杀人游戏  /  致命身份,U.S.,James Mangold,8.7,444672,2003,https://img3.doubanio.com/view/photo/s_ratio_poster/public/p2558364386.jpg,https://movie.douban.com/subject/1297192/
91,加勒比海盗,Pirates of the Caribbean: The Curse of the Black Pearl,加勒比海盗1：黑珍珠号的诅咒  /  神鬼奇航：鬼盗船魔咒(台),U.S.,Gore Verbinski,8.7,503667,2003,https://img3.doubanio.com/view/photo/s_ratio_poster/public/p1596085504.jpg,https://movie.douban.com/subject/1298070/
92,阳光灿烂的日子,In the Heat of the Sun,In the Heat of the Sun,China,Wen Jiang,8.8,371657,1994,https://img1.doubanio.com/view/photo/s_ratio_poster/public/p967457079.jpg,https://movie.douban.com/subject/1291875/
93,摩登时代,Modern Times,"The Masses  /  Temps modernes, Les",U.S.,Charles Chaplin,9.2,142680,1936,https://img3.doubanio.com/view/photo/s_ratio_poster/public/p2173707976.jpg,https://movie.douban.com/subject/1294371/
94,断背山,Brokeback Mountain,断臂山  /  BBM,U.S.,Ang Lee,8.7,438215,2005,https://img1.doubanio.com/view/photo/s_ratio_poster/public/p513535588.jpg,https://movie.douban.com/subject/1418834/
95,第六感,The Sixth Sense,灵异第六感  /  鬼眼,U.S.,M·· M. Night Shyamalan,8.8,319007,1999,https://img3.doubanio.com/view/photo/s_ratio_poster/public/p2220184425.jpg,https://movie.douban.com/subject/1297630/
96,何以为家,كفرناحوم,迦百农  /  星仔打官司(港),Lebanon,Nadine Labaki,9.0,275024,2018,https://img1.doubanio.com/view/photo/s_ratio_poster/public/p2555295759.jpg,https://movie.douban.com/subject/30170448/
97,重庆森林,重慶森林,Chungking Express,Hong Kong,Kar Wai Wong,8.7,459598,1994,https://img3.doubanio.com/view/photo/s_ratio_poster/public/p792381411.jpg,https://movie.douban.com/subject/1291999/
98,狩猎,Jagten,谎言的烙印(台)  /  诬网(港),Danmark,Thomas Vinterberg,9.1,191812,2012,https://img1.doubanio.com/view/photo/s_ratio_poster/public/p1546987967.jpg,https://movie.douban.com/subject/6985810/
99,玛丽和马克思,Mary and Max,巧克力情缘(台)  /  同是天涯寂寞客,Australia,Adam Elliot,8.9,285167,2009,https://img1.doubanio.com/view/photo/s_ratio_poster/public/p1820615077.jpg,https://movie.douban.com/subject/3072124/
100,喜剧之王,喜劇之王,King of Comedy,Hong Kong,Stephen Chow /  Lik-Chi Lee,8.7,495346,1999,https://img3.doubanio.com/view/photo/s_ratio_poster/public/p1043597424.jpg,https://movie.douban.com/subject/1302425/
101,告白,自白  /  母亲,自白  /  母亲,Japan,Tetsuya Nakashima,8.7,458046,2010,https://img3.doubanio.com/view/photo/s_ratio_poster/public/p689520756.jpg,https://movie.douban.com/subject/4268598/
102,消失的爱人,Gone Girl,失踪的女孩  /  失踪女孩,U.S.,David Fincher,8.7,511600,2014,https://img3.doubanio.com/view/photo/s_ratio_poster/public/p2221768894.jpg,https://movie.douban.com/subject/21318488/
103,大鱼,Big Fish,大鱼奇缘(港)  /  大智若鱼(台),U.S.,Tim Burton,8.8,339609,2003,https://img3.doubanio.com/view/photo/s_ratio_poster/public/p692813374.jpg,https://movie.douban.com/subject/1291545/
104,一一,Yi yi  /  Yi yi: A One and a Two,Yi yi  /  Yi yi: A One and a Two,Taiwan,Edward Yang,9.0,206152,2000,https://img1.doubanio.com/view/photo/s_ratio_poster/public/p2119675128.jpg,https://movie.douban.com/subject/1292434/
105,阳光姐妹淘,써니,阳光姊妹淘(港)  /  桑尼,Korea,Hyeong-Cheol Kang,8.8,368356,2011,https://img1.doubanio.com/view/photo/s_ratio_poster/public/p1374786017.jpg,https://movie.douban.com/subject/4917726/
106,小森林 夏秋篇,リトル・フォレスト 夏・秋,小森食光 / 夏秋篇(台),Japan,Junichi Mori,9.0,217451,2014,https://img3.doubanio.com/view/photo/s_ratio_poster/public/p2221319641.jpg,https://movie.douban.com/subject/25814705/
107,爱在黎明破晓前,Before Sunrise,情留半天(港)  /  爱在黎明破晓时(台),U.S.,Richard Linklater,8.8,317546,1995,https://img3.doubanio.com/view/photo/s_ratio_poster/public/p2555762374.jpg,https://movie.douban.com/subject/1296339/
108,射雕英雄传之东成西就,射鵰英雄傳之東成西就,东成西就  /  大英雄 (日本),Hong Kong,Jeffrey Lau,8.7,375609,1993,https://img1.doubanio.com/view/photo/s_ratio_poster/public/p2535922598.jpg,https://movie.douban.com/subject/1316510/
109,甜蜜蜜,Comrades: Almost a Love Story,Comrades: Almost a Love Story,Hong Kong,Peter Chan,8.8,301106,1996,https://img3.doubanio.com/view/photo/s_ratio_poster/public/p1962839732.jpg,https://movie.douban.com/subject/1305164/
110,请以你的名字呼唤我,Call Me by Your Name,以你的名字呼唤我(港 / 台),Italy,Luca Guadagnino,8.8,313139,2017,https://img3.doubanio.com/view/photo/s_ratio_poster/public/p2505525050.jpg,https://movie.douban.com/subject/26799731/
111,侧耳倾听,耳をすませば,心之谷  /  梦幻街少女,Japan,Yoshifumi Kondo,8.8,247007,1995,https://img3.doubanio.com/view/photo/s_ratio_poster/public/p456692072.jpg,https://movie.douban.com/subject/1297052/
112,驯龙高手,How to Train Your Dragon,驯龙记(港),U.S.,Dean DeBlois / · Chris Sanders,8.7,424909,2010,https://img3.doubanio.com/view/photo/s_ratio_poster/public/p2210954024.jpg,https://movie.douban.com/subject/2353023/
113,红辣椒,パプリカ,盗梦侦探  /  帕布莉卡,Japan,Satoshi Kon,8.9,203436,2006,https://img3.doubanio.com/view/photo/s_ratio_poster/public/p672363704.jpg,https://movie.douban.com/subject/1865703/
114,倩女幽魂,倩女幽魂(87版)  /  倩女幽魂：妖魔道,倩女幽魂(87版)  /  倩女幽魂：妖魔道,Hong Kong,Siu-Tung Ching,8.7,387099,1987,https://img3.doubanio.com/view/photo/s_ratio_poster/public/p2414157745.jpg,https://movie.douban.com/subject/1297447/
115,超脱,Detachment,人间师格(台),U.S.,Tony Kaye,8.8,249423,2011,https://img3.doubanio.com/view/photo/s_ratio_poster/public/p1305562621.jpg,https://movie.douban.com/subject/5322596/
116,恐怖直播,더 테러 라이브,死亡“动”新闻(港)  /  恐怖攻击直播(台),Korea,Byeong-woo Kim,8.7,338783,2013,https://img3.doubanio.com/view/photo/s_ratio_poster/public/p2016930906.jpg,https://movie.douban.com/subject/21360417/
117,风之谷,風の谷のナウシカ,风谷少女  /  Kaze no tani no Naushika,Japan,Hayao Miyazaki,8.8,240955,1984,https://img3.doubanio.com/view/photo/s_ratio_poster/public/p1917567652.jpg,https://movie.douban.com/subject/1291585/
118,爱在日落黄昏时,Before Sunset,日落巴黎(港)  /  爱在日落巴黎时(台),U.S.,Richard Linklater,8.8,277052,2004,https://img3.doubanio.com/view/photo/s_ratio_poster/public/p1910924055.jpg,https://movie.douban.com/subject/1291990/
119,菊次郎的夏天,菊次郎の夏,Kikujirô no natsu  /  菊次郎的夏天,Japan,Takeshi Kitano,8.8,273354,1999,https://img3.doubanio.com/view/photo/s_ratio_poster/public/p751835224.jpg,https://movie.douban.com/subject/1293359/
120,小森林 冬春篇,リトル・フォレスト 冬・春,小森食光 / 冬春篇(台),Japan,Junichi Mori,9.0,189164,2015,https://img1.doubanio.com/view/photo/s_ratio_poster/public/p2215147728.jpg,https://movie.douban.com/subject/25814707/
121,哈利·波特与死亡圣器(下),Harry Potter and the Deathly Hallows: Part 2,哈利波特7：死神的圣物2(港 / 台),U.S.,David Yates,8.7,396327,2011,https://img3.doubanio.com/view/photo/s_ratio_poster/public/p917846733.jpg,https://movie.douban.com/subject/3011235/
122,上帝之城,Cidade de Deus,无主之城 (港)  /  无法无天 (台),Brazil,Kátia Lund / Fernando Meirelles,8.9,196849,2002,https://img3.doubanio.com/view/photo/s_ratio_poster/public/p455677490.jpg,https://movie.douban.com/subject/1292208/
123,杀人回忆,살인의 추억,谋杀回忆  /  杀手回忆录,Korea,Joon-ho Bong,8.7,300673,2003,https://img1.doubanio.com/view/photo/s_ratio_poster/public/p480225538.jpg,https://movie.douban.com/subject/1300299/
124,幸福终点站,The Terminal,机场客运站(港)  /  航站情缘(台),U.S.,Steven Spielberg,8.7,302899,2004,https://img1.doubanio.com/view/photo/s_ratio_poster/public/p854757687.jpg,https://movie.douban.com/subject/1292274/
125,7号房的礼物,7번방의 선물,戆爸的礼物(港)  /  7号囚房的礼物,Korea,Hwan-kyeong Lee,8.8,265521,2013,https://img3.doubanio.com/view/photo/s_ratio_poster/public/p1816276065.jpg,https://movie.douban.com/subject/10777687/
126,蝙蝠侠：黑暗骑士崛起,The Dark Knight Rises,蝙蝠侠前传3：黑暗骑士崛起  /  黑暗骑士：黎明升起(台),U.S.,Christopher Nolan,8.7,404460,2012,https://img3.doubanio.com/view/photo/s_ratio_poster/public/p1706428744.jpg,https://movie.douban.com/subject/3395373/
127,借东西的小人阿莉埃蒂,借りぐらしのアリエッティ,借物少女艾莉缇(台)  /  借东西的小矮人亚莉亚蒂(港),Japan,Hiromasa Yonebayashi,8.7,299773,2010,https://img3.doubanio.com/view/photo/s_ratio_poster/public/p617533616.jpg,https://movie.douban.com/subject/4202302/
128,萤火之森,蛍火の杜へ,萤火之社  /  Hotarubi no mori e,Japan,Takahiro Omori,8.8,249947,2011,https://img1.doubanio.com/view/photo/s_ratio_poster/public/p1272904657.jpg,https://movie.douban.com/subject/5989818/
129,神偷奶爸,Despicable Me,卑鄙的我  /  坏蛋奖门人(港),U.S.,Pierre Coffin / · Chris Renaud,8.5,554502,2010,https://img1.doubanio.com/view/photo/s_ratio_poster/public/p792776858.jpg,https://movie.douban.com/subject/3287562/
130,唐伯虎点秋香,唐伯虎點秋香,Flirting Scholar,Hong Kong,Lik-Chi Lee,8.5,524890,1993,https://img3.doubanio.com/view/photo/s_ratio_poster/public/p1946455272.jpg,https://movie.douban.com/subject/1306249/
131,超能陆战队,Big Hero 6,大英雄联盟(港)  /  大英雄天团(台),U.S.,Don Hall / · Chris Williams,8.6,545211,2014,https://img1.doubanio.com/view/photo/s_ratio_poster/public/p2224568669.jpg,https://movie.douban.com/subject/11026735/
132,怪兽电力公司,"Monsters, Inc.",怪兽公司(港)  /  怪物公司,U.S.,Pete Docter / · David Silverman,8.6,352446,2001,https://img1.doubanio.com/view/photo/s_ratio_poster/public/p2513247938.jpg,https://movie.douban.com/subject/1291579/
133,无人知晓,誰も知らない,谁知赤子心(港)  /  无人知晓的夏日清晨(台),Japan,Hirokazu Koreeda,9.1,126415,2004,https://img3.doubanio.com/view/photo/s_ratio_poster/public/p661160053.jpg,https://movie.douban.com/subject/1292337/
134,岁月神偷,歲月神偷,1969太空漫游  /  Echoes Of The Rainbow,Hong Kong,Alex Law,8.7,387680,2010,https://img3.doubanio.com/view/photo/s_ratio_poster/public/p456666151.jpg,https://movie.douban.com/subject/3792799/
135,电锯惊魂,Saw,夺魂锯(台)  /  恐惧斗室(港),U.S.,James Wan,8.7,278482,2004,https://img3.doubanio.com/view/photo/s_ratio_poster/public/p2163771304.jpg,https://movie.douban.com/subject/1417598/
136,海蒂和爷爷,Heidi,飘零燕(港)  /  海蒂,Germany,Alain Gsponer,9.1,125000,2015,https://img3.doubanio.com/view/photo/s_ratio_poster/public/p2554525534.jpg,https://movie.douban.com/subject/25958717/
137,七武士,七人の侍,七侠四义(港)  /  The Seven Samurai,Japan,Akira Kurosawa,9.2,106559,1954,https://img3.doubanio.com/view/photo/s_ratio_poster/public/p647099823.jpg,https://movie.douban.com/subject/1295399/
138,谍影重重3,The Bourne Ultimatum,叛谍追击3：最后通牒(港)  /  神鬼认证：最后通牒 (台),U.S.,Paul Greengrass,8.8,248211,2007,https://img1.doubanio.com/view/photo/s_ratio_poster/public/p792223507.jpg,https://movie.douban.com/subject/1578507/
139,疯狂原始人,The Croods,古鲁家族(港 / 台),U.S.,Kirk De Micco / · Chris Sanders,8.7,504634,2013,https://img1.doubanio.com/view/photo/s_ratio_poster/public/p1867084027.jpg,https://movie.douban.com/subject/1907966/
140,喜宴,囍宴,The Wedding Banquet,Taiwan,Ang Lee,8.9,190701,1993,https://img3.doubanio.com/view/photo/s_ratio_poster/public/p2173713676.jpg,https://movie.douban.com/subject/1303037/
141,真爱至上,Love Actually,爱是您，爱是我(台)  /  真的恋爱了(港),U.K.,Richard Curtis,8.6,422916,2003,https://img3.doubanio.com/view/photo/s_ratio_poster/public/p475600770.jpg,https://movie.douban.com/subject/1292401/
142,英雄本色,A Better Tomorrow  /  Gangland Boss,A Better Tomorrow  /  Gangland Boss,Hong Kong,John Woo,8.7,266824,1986,https://img1.doubanio.com/view/photo/s_ratio_poster/public/p2504997087.jpg,https://movie.douban.com/subject/1297574/
143,血战钢锯岭,Hacksaw Ridge,钢锯岭  /  钢铁英雄(台),U.S.,Mel Gibson,8.7,458980,2016,https://img1.doubanio.com/view/photo/s_ratio_poster/public/p2398141939.jpg,https://movie.douban.com/subject/26325320/
144,东邪西毒,東邪西毒,Ashes of Time,Hong Kong,Kar Wai Wong,8.6,353257,1994,https://img3.doubanio.com/view/photo/s_ratio_poster/public/p1982176012.jpg,https://movie.douban.com/subject/1292328/
145,萤火虫之墓,火垂るの墓,再见萤火虫(港)  /  萤火挽歌,Japan,Isao Takahata,8.7,265620,1988,https://img1.doubanio.com/view/photo/s_ratio_poster/public/p1157334208.jpg,https://movie.douban.com/subject/1293318/
146,贫民窟的百万富翁,Slumdog Millionaire,贫民百万富翁(台)  /  一百万零一夜(港),U.K.,Danny Boyle / · Loveleen Tandan,8.5,490164,2008,https://img3.doubanio.com/view/photo/s_ratio_poster/public/p2434249040.jpg,https://movie.douban.com/subject/2209573/
147,玩具总动员3,Toy Story 3,反斗奇兵3(港)  /  玩具的故事3,U.S.,Lee Unkrich,8.8,267003,2010,https://img1.doubanio.com/view/photo/s_ratio_poster/public/p1283675359.jpg,https://movie.douban.com/subject/1858711/
148,傲慢与偏见,Pride & Prejudice,傲慢与偏见2005  /  Pride And Prejudice,France,Joe Wright,8.5,418317,2005,https://img3.doubanio.com/view/photo/s_ratio_poster/public/p452005185.jpg,https://movie.douban.com/subject/1418200/
149,黑天鹅,Black Swan,夺命黑天鹅  /  霸王别鹅(豆友译名),U.S.,Darren Aronofsky,8.5,538941,2010,https://img3.doubanio.com/view/photo/s_ratio_poster/public/p2549648344.jpg,https://movie.douban.com/subject/1978709/
150,时空恋旅人,About Time,时空旅恋人  /  回到最爱的一天(港),U.K.,Richard Curtis,8.7,294076,2013,https://img3.doubanio.com/view/photo/s_ratio_poster/public/p2070153774.jpg,https://movie.douban.com/subject/10577869/
151,记忆碎片,Memento,失忆  /  记忆拼图(台),U.S.,Christopher Nolan,8.6,366330,2000,https://img3.doubanio.com/view/photo/s_ratio_poster/public/p641688453.jpg,https://movie.douban.com/subject/1304447/
152,心迷宫,殡棺  /  The Coffin in the Mountain,殡棺  /  The Coffin in the Mountain,China,Yukun Xin,8.7,266543,2014,https://img3.doubanio.com/view/photo/s_ratio_poster/public/p2275298525.jpg,https://movie.douban.com/subject/25917973/
153,纵横四海,緃横四海,Once a Thief,Hong Kong,John Woo,8.8,219246,1991,https://img3.doubanio.com/view/photo/s_ratio_poster/public/p2272146906.jpg,https://movie.douban.com/subject/1295409/
154,荒蛮故事,Relatos salvajes,蛮荒故事  /  生命中最抓狂的小事(台),Argentina,Damián Szifron,8.8,216331,2014,https://img3.doubanio.com/view/photo/s_ratio_poster/public/p2192834364.jpg,https://movie.douban.com/subject/24750126/
155,教父3,The Godfather: Part III,教父第三集  /  教父 III,U.S.,Francis Ford Coppola,8.8,186162,1990,https://img3.doubanio.com/view/photo/s_ratio_poster/public/p2169664351.jpg,https://movie.douban.com/subject/1294240/
156,雨人,Rain Man,手足情未了  /  手足情深,U.S.,Barry Levinson,8.7,262784,1988,https://img3.doubanio.com/view/photo/s_ratio_poster/public/p942376281.jpg,https://movie.douban.com/subject/1291870/
157,完美的世界,A Perfect World,强盗保镳,U.S.,Clint Eastwood,9.1,118658,1993,https://img1.doubanio.com/view/photo/s_ratio_poster/public/p2190556408.jpg,https://movie.douban.com/subject/1300992/
158,达拉斯买家俱乐部,Dallas Buyers Club,续命枭雄(港)  /  药命俱乐部(台),U.S.,-· Jean-Marc Vallée,8.7,258305,2013,https://img1.doubanio.com/view/photo/s_ratio_poster/public/p2166160837.jpg,https://movie.douban.com/subject/1793929/
159,花样年华,花樣年華,In the Mood for Love,Hong Kong,Kar Wai Wong,8.6,329564,2000,https://img3.doubanio.com/view/photo/s_ratio_poster/public/p1910828286.jpg,https://movie.douban.com/subject/1291557/
160,卢旺达饭店,Hotel Rwanda,卢安达饭店(台),U.K.,Terry George,8.9,158067,2004,https://img3.doubanio.com/view/photo/s_ratio_poster/public/p2159368352.jpg,https://movie.douban.com/subject/1291822/
161,三块广告牌,"Three Billboards Outside Ebbing, Missouri",意外(台)  /  广告牌杀人事件(港),U.S.,Martin McDonagh,8.7,479450,2017,https://img1.doubanio.com/view/photo/s_ratio_poster/public/p2510081688.jpg,https://movie.douban.com/subject/26611804/
162,被解救的姜戈,Django Unchained,被解放的姜戈  /  决杀令(台),U.S.,Quentin Tarantino,8.6,348153,2012,https://img1.doubanio.com/view/photo/s_ratio_poster/public/p1959232369.jpg,https://movie.douban.com/subject/6307447/
163,海边的曼彻斯特,Manchester by the Sea,情系海边之城(港),U.S.,Kenneth Lonergan,8.6,287747,2016,https://img1.doubanio.com/view/photo/s_ratio_poster/public/p2496940327.jpg,https://movie.douban.com/subject/25980443/
164,你的名字。,君の名は。,你的名字  /  君之名,Japan,Makoto Shinkai,8.4,728136,2016,https://img1.doubanio.com/view/photo/s_ratio_poster/public/p2395733377.jpg,https://movie.douban.com/subject/26683290/
165,恋恋笔记本,The Notebook,深情日记  /  写我情真,U.S.,Nick Cassavetes,8.5,377087,2004,https://img3.doubanio.com/view/photo/s_ratio_poster/public/p483604864.jpg,https://movie.douban.com/subject/1309163/
166,你看起来好像很好吃,おまえうまそうだな,你看起来很好吃(台)  /  你看上去好像很好吃,Japan,Masaya Fujimori,8.8,197187,2010,https://img1.doubanio.com/view/photo/s_ratio_poster/public/p2554167519.jpg,https://movie.douban.com/subject/4848115/
167,虎口脱险,La grande vadrouille,横冲直撞出重围(港)  /  大進擊(台),France,Gérard Oury,8.9,138123,1966,https://img3.doubanio.com/view/photo/s_ratio_poster/public/p2399597512.jpg,https://movie.douban.com/subject/1296909/
168,头脑特工队,Inside Out,玩转脑朋友(港)  /  脑筋急转弯(台),U.S.,,8.7,329608,2015,https://img3.doubanio.com/view/photo/s_ratio_poster/public/p2266293606.jpg,https://movie.douban.com/subject/10533913/
169,我是山姆,I Am Sam,不一样的爸爸(港)  /  他不笨，他是我爸爸(台),U.S.,Jessie Nelson,8.9,149226,2001,https://img3.doubanio.com/view/photo/s_ratio_poster/public/p652417775.jpg,https://movie.douban.com/subject/1306861/
170,海洋,Océans,Oceans  /  海洋,France,Jacques Perrin / · Jacques Cluzaud,9.0,115160,2009,https://img3.doubanio.com/view/photo/s_ratio_poster/public/p2559581324.jpg,https://movie.douban.com/subject/3443389/
171,二十二,Twenty Two  /  22,Twenty Two  /  22,China,Ke Guo,8.7,162672,2015,https://img1.doubanio.com/view/photo/s_ratio_poster/public/p2457609817.jpg,https://movie.douban.com/subject/26430107/
172,无敌破坏王,Wreck-It Ralph,破坏王拉尔夫  /  破坏王大冒险,U.S.,Rich Moore,8.7,296856,2012,https://img3.doubanio.com/view/photo/s_ratio_poster/public/p1735642656.jpg,https://movie.douban.com/subject/6534248/
173,冰川时代,Ice Age,冰河世纪  /  冰原历险记,U.S.,Carlos Saldanha / · Chris Wedge,8.5,369192,2002,https://img1.doubanio.com/view/photo/s_ratio_poster/public/p1910895719.jpg,https://movie.douban.com/subject/1291578/
174,雨中曲,Singin' in the Rain,雨中情  /  万花嬉春,U.S.,Stanley Donen / · Gene Kelly,9.0,122219,1952,https://img3.doubanio.com/view/photo/s_ratio_poster/public/p1612355875.jpg,https://movie.douban.com/subject/1293460/
175,爆裂鼓手,Whiplash,鼓动真我(港)  /  进击的鼓手(台),U.S.,Damien Chazelle,8.6,317119,2014,https://img3.doubanio.com/view/photo/s_ratio_poster/public/p2220776342.jpg,https://movie.douban.com/subject/25773932/
176,燃情岁月,Legends of the Fall,秋日传奇  /  真爱一世情(台),U.S.,Edward Zwick,8.8,182137,1994,https://img1.doubanio.com/view/photo/s_ratio_poster/public/p1023654037.jpg,https://movie.douban.com/subject/1295865/
177,未麻的部屋,Perfect Blue,蓝色的恐惧  /  蓝色恐惧,Japan,Satoshi Kon,8.9,142586,1997,https://img3.doubanio.com/view/photo/s_ratio_poster/public/p1351050722.jpg,https://movie.douban.com/subject/1395091/
178,模仿游戏,The Imitation Game,解码游戏(港)  /  模拟游戏,U.K.,Morten Tyldum,8.6,346795,2014,https://img3.doubanio.com/view/photo/s_ratio_poster/public/p2255040492.jpg,https://movie.douban.com/subject/10463953/
179,人工智能,Artificial Intelligence: AI,AI人工智慧,U.S.,Steven Spielberg,8.6,252865,2001,https://img1.doubanio.com/view/photo/s_ratio_poster/public/p792257137.jpg,https://movie.douban.com/subject/1302827/
180,一个叫欧维的男人决定去死,En man som heter Ove,明天别再来敲门(台)  /  想死冇咁易(港),Sweden,Hannes Holm,8.8,188714,2015,https://img3.doubanio.com/view/photo/s_ratio_poster/public/p2406624993.jpg,https://movie.douban.com/subject/26628357/
181,穿越时空的少女,時をかける少女,跳跃吧！时空少女(台)  /  Toki o kakeru shôjo,Japan,Mamoru Hosoda,8.6,243680,2006,https://img3.doubanio.com/view/photo/s_ratio_poster/public/p2079334286.jpg,https://movie.douban.com/subject/1937946/
182,忠犬八公物语,ハチ公物語,八千公物语  /  阿八的故事,Japan,Seijirô Kôyama,9.1,92755,1987,https://img3.doubanio.com/view/photo/s_ratio_poster/public/p1576418852.jpg,https://movie.douban.com/subject/1959195/
183,房间,Room,不存在的房间(台)  /  抖室(港),Ireland,Lenny Abrahamson,8.8,223389,2015,https://img3.doubanio.com/view/photo/s_ratio_poster/public/p2259715855.jpg,https://movie.douban.com/subject/25724855/
184,魔女宅急便,魔女の宅急便,魔女琪琪(台)  /  小魔女限时专送,Japan,Hayao Miyazaki,8.6,273122,1989,https://img3.doubanio.com/view/photo/s_ratio_poster/public/p456676352.jpg,https://movie.douban.com/subject/1307811/
185,魂断蓝桥,Waterloo Bridge,滑铁卢桥  /  断桥残梦,U.S.,Mervyn LeRoy,8.8,161760,1940,https://img1.doubanio.com/view/photo/s_ratio_poster/public/p2351134499.jpg,https://movie.douban.com/subject/1293964/
186,猜火车,Trainspotting,迷幻列车(港)  /  定位的火车,U.K.,Danny Boyle,8.5,302494,1996,https://img1.doubanio.com/view/photo/s_ratio_poster/public/p513567548.jpg,https://movie.douban.com/subject/1292528/
187,恐怖游轮,Triangle,汪洋血迷宮(台)  /  轮回三角,U.K.,Christopher Smith,8.4,447812,2009,https://img3.doubanio.com/view/photo/s_ratio_poster/public/p462470694.jpg,https://movie.douban.com/subject/3011051/
188,完美陌生人,Perfetti sconosciuti,完美谎情(港)  /  波动的信息分享,Italy,Paolo Genovese,8.6,326027,2016,https://img3.doubanio.com/view/photo/s_ratio_poster/public/p2522331945.jpg,https://movie.douban.com/subject/26614893/
189,哪吒闹海,Prince Nezha's Triumph Against Dragon King  /  Nezha nao hai,Prince Nezha's Triumph Against Dragon King  /  Nezha nao hai,China,Dingxian Yan /  Shuchen Wang,9.0,118590,1979,https://img3.doubanio.com/view/photo/s_ratio_poster/public/p2516566783.jpg,https://movie.douban.com/subject/1307315/
190,罗生门,羅生門,Rashomon,Japan,Akira Kurosawa,8.8,171386,1950,https://img1.doubanio.com/view/photo/s_ratio_poster/public/p1864872647.jpg,https://movie.douban.com/subject/1291879/
191,海街日记,海街diary,海街女孩日记(港)  /  Kamakura Diary,Japan,Hirokazu Koreeda,8.7,206438,2015,https://img1.doubanio.com/view/photo/s_ratio_poster/public/p2232247487.jpg,https://movie.douban.com/subject/25895901/
192,黑客帝国3：矩阵革命,The Matrix Revolutions,骇客任务完结篇：最后战役  /  廿二世纪杀人网络3：惊变世纪,U.S.,Andy Wachowski / Larry Wachowski,8.6,218442,2003,https://img1.doubanio.com/view/photo/s_ratio_poster/public/p443461818.jpg,https://movie.douban.com/subject/1302467/
193,阿飞正传,阿飛正傳,Days of Being Wild,Hong Kong,Kar Wai Wong,8.5,288388,1990,https://img3.doubanio.com/view/photo/s_ratio_poster/public/p2525770523.jpg,https://movie.douban.com/subject/1305690/
194,天书奇谭,The Legend of Sealed Book  /  Secrets of the Heavenly Book,The Legend of Sealed Book  /  Secrets of the Heavenly Book,,Shuchen Wang /  Yunda Qian,9.1,85363,1983,https://img1.doubanio.com/view/photo/s_ratio_poster/public/p2515539487.jpg,https://movie.douban.com/subject/1428581/
195,香水,Perfume: The Story of a Murderer,香水：一个杀人犯的故事  /  香水：一个谋杀犯的故事,Germany,Tom Tykwer,8.5,355579,2006,https://img1.doubanio.com/view/photo/s_ratio_poster/public/p470006658.jpg,https://movie.douban.com/subject/1760622/
196,朗读者,The Reader,为爱朗读(台)  /  读爱(港),U.S.,Stephen Daldry,8.5,329660,2008,https://img1.doubanio.com/view/photo/s_ratio_poster/public/p1140984198.jpg,https://movie.douban.com/subject/2213597/
197,浪潮,Die Welle,恶魔教室(台)  /  白恤暴潮(港),Germany,Dennis Gansel,8.7,170288,2008,https://img3.doubanio.com/view/photo/s_ratio_poster/public/p1344888983.jpg,https://movie.douban.com/subject/2297265/
198,可可西里,Kekexili: Mountain Patrol,Kekexili: Mountain Patrol,China,Chuan Lu,8.7,167637,2004,https://img3.doubanio.com/view/photo/s_ratio_poster/public/p2414771522.jpg,https://movie.douban.com/subject/1308857/
199,谍影重重2,The Bourne Supremacy,叛谍追击2：机密圈套(港)  /  神鬼认证：神鬼疑云(台),U.S.,Paul Greengrass,8.6,213989,2004,https://img3.doubanio.com/view/photo/s_ratio_poster/public/p667644866.jpg,https://movie.douban.com/subject/1308767/
200,牯岭街少年杀人事件,牯嶺街少年殺人事件,A Brighter Summer Day,Taiwan,Edward Yang,8.8,145507,1991,https://img3.doubanio.com/view/photo/s_ratio_poster/public/p848381236.jpg,https://movie.douban.com/subject/1292329/
201,谍影重重,The Bourne Identity,叛谍追击(港)  /  神鬼认证(台),U.S.,Doug Liman,8.6,255035,2002,https://img3.doubanio.com/view/photo/s_ratio_poster/public/p1597183981.jpg,https://movie.douban.com/subject/1304102/
202,战争之王,Lord of War,军火之王(台 / 港),U.S.,Andrew Niccol,8.6,220740,2005,https://img3.doubanio.com/view/photo/s_ratio_poster/public/p453719066.jpg,https://movie.douban.com/subject/1419936/
203,地球上的星星,Taare Zameen Par,心中的小星星(台)  /  每一个孩子都是特别的,India,Aamir Khan,8.9,117161,2007,https://img3.doubanio.com/view/photo/s_ratio_poster/public/p1973489335.jpg,https://movie.douban.com/subject/2363506/
204,疯狂的石头,Crazy Stone,Crazy Stone,China,Hao Ning,8.4,439852,2006,https://img3.doubanio.com/view/photo/s_ratio_poster/public/p712241453.jpg,https://movie.douban.com/subject/1862151/
205,惊魂记,Psycho,精神病患者  /  触目惊心,U.S.,Alfred Hitchcock,8.9,117097,1960,https://img3.doubanio.com/view/photo/s_ratio_poster/public/p1021883305.jpg,https://movie.douban.com/subject/1293181/
206,青蛇,Green Snake,Green Snake,Hong Kong,Hark Tsui,8.5,296768,1993,https://img3.doubanio.com/view/photo/s_ratio_poster/public/p584021784.jpg,https://movie.douban.com/subject/1303394/
207,初恋这件小事,สิ่งเล็กเล็กที่เรียกว่า...รัก,初恋那件小事(港)  /  暗恋那点小事,Thai,,8.3,617314,2010,https://img3.doubanio.com/view/photo/s_ratio_poster/public/p1505312273.jpg,https://movie.douban.com/subject/4739952/
208,终结者2：审判日,Terminator 2: Judgment Day,终结者2  /  终结者2：末日审判,U.S.,James Cameron,8.6,193497,1991,https://img3.doubanio.com/view/photo/s_ratio_poster/public/p1910909085.jpg,https://movie.douban.com/subject/1291844/
209,源代码,Source Code,启动原始码(台)  /  危机解密(港),U.S.,Duncan Jones,8.4,512488,2011,https://img3.doubanio.com/view/photo/s_ratio_poster/public/p988260245.jpg,https://movie.douban.com/subject/3075287/
210,步履不停,歩いても 歩いても,横山家之味(港 / 台),Japan,Hirokazu Koreeda,8.8,134346,2008,https://img1.doubanio.com/view/photo/s_ratio_poster/public/p672446737.jpg,https://movie.douban.com/subject/2222996/
211,小萝莉的猴神大叔,Bajrangi Bhaijaan,娃娃返乡任务(台)  /  宝莱坞之钢铁奶爸(台),India,Kabir Khan,8.5,260630,2015,https://img3.doubanio.com/view/photo/s_ratio_poster/public/p2510956726.jpg,https://movie.douban.com/subject/26393561/
212,新龙门客栈,新龍門客棧,New Dragon Gate Inn,Hong Kong,Raymond Lee,8.5,251246,1992,https://img1.doubanio.com/view/photo/s_ratio_poster/public/p1421018669.jpg,https://movie.douban.com/subject/1292287/
213,一次别离,جدایی نادر از سیمین,分居风暴(台)  /  伊朗式分居(港),Iran,Asghar Farhadi,8.7,165523,2011,https://img3.doubanio.com/view/photo/s_ratio_poster/public/p2189835254.jpg,https://movie.douban.com/subject/5964718/
214,爱在午夜降临前,Before Midnight,爱在午夜希腊时(台)  /  情约半生(港),U.S.,Richard Linklater,8.8,162349,2013,https://img1.doubanio.com/view/photo/s_ratio_poster/public/p2074715729.jpg,https://movie.douban.com/subject/10808442/
215,追随,Following,跟踪(台)  /  致命追踪,U.K.,Christopher Nolan,8.9,106116,1998,https://img1.doubanio.com/view/photo/s_ratio_poster/public/p1150103377.jpg,https://movie.douban.com/subject/1397546/
216,再次出发之纽约遇见你,Begin Again,再次出发  /  歌曲改变人生,U.S.,John Carney,8.5,239013,2013,https://img3.doubanio.com/view/photo/s_ratio_poster/public/p2250287733.jpg,https://movie.douban.com/subject/6874403/
217,功夫,功夫3D  /  Kung Fu Hustle,功夫3D  /  Kung Fu Hustle,China,Stephen Chow,8.4,443284,2004,https://img1.doubanio.com/view/photo/s_ratio_poster/public/p2219011938.jpg,https://movie.douban.com/subject/1291543/
218,无耻混蛋,Inglourious Basterds,恶棍特工(台)  /  希魔撞正杀人狂(港),U.S.,Quentin Tarantino,8.5,287223,2009,https://img3.doubanio.com/view/photo/s_ratio_poster/public/p770734475.jpg,https://movie.douban.com/subject/1438652/
219,撞车,Crash,冲击效应  /  冲撞,U.S.,Paul Haggis,8.6,215998,2004,https://img1.doubanio.com/view/photo/s_ratio_poster/public/p659411589.jpg,https://movie.douban.com/subject/1388216/
220,东京物语,東京物語,东京故事  /  Tokyo Story,Japan,Yasujirô Ozu,9.2,71082,1953,https://img3.doubanio.com/view/photo/s_ratio_poster/public/p1910832390.jpg,https://movie.douban.com/subject/1291568/
221,奇迹男孩,Wonder,奇迹,U.S.,Stephen Chbosky,8.6,310573,2017,https://img1.doubanio.com/view/photo/s_ratio_poster/public/p2507709428.jpg,https://movie.douban.com/subject/26787574/
222,梦之安魂曲,Requiem for a Dream,噩梦挽歌(台)  /  迷上瘾(港),U.S.,Darren Aronofsky,8.7,142365,2000,https://img3.doubanio.com/view/photo/s_ratio_poster/public/p884936202.jpg,https://movie.douban.com/subject/1292270/
223,城市之光,City Lights,City Lights: A Comedy Romance in Pantomime  /  Lichter der Großstadt,U.S.,Charles Chaplin,9.3,63018,1931,https://img1.doubanio.com/view/photo/s_ratio_poster/public/p2170238828.jpg,https://movie.douban.com/subject/1293908/
224,彗星来的那一夜,Coherence,相干性  /  相干效应,U.S.,James Ward Byrkit,8.5,267285,2013,https://img3.doubanio.com/view/photo/s_ratio_poster/public/p2187896711.jpg,https://movie.douban.com/subject/25807345/
225,血钻,Blood Diamond,血腥钻石  /  滴血钻石,U.S.,Edward Zwick,8.6,189942,2006,https://img3.doubanio.com/view/photo/s_ratio_poster/public/p1244017073.jpg,https://movie.douban.com/subject/1428175/
226,绿里奇迹,The Green Mile,绿色奇迹(台)  /  绿色英里,U.S.,Frank Darabont,8.7,141811,1999,https://img3.doubanio.com/view/photo/s_ratio_poster/public/p767586451.jpg,https://movie.douban.com/subject/1300374/
227,2001太空漫游,2001: A Space Odyssey,2001：星际漫游  /  2001：太空奥德赛,U.K.,Stanley Kubrick,8.7,144313,1968,https://img3.doubanio.com/view/photo/s_ratio_poster/public/p2500694952.jpg,https://movie.douban.com/subject/1292226/
228,头号玩家,Ready Player One,玩家一号  /  挑战者1号(港),U.S.,Steven Spielberg,8.7,792730,2018,https://img1.doubanio.com/view/photo/s_ratio_poster/public/p2516578307.jpg,https://movie.douban.com/subject/4920389/
229,聚焦,Spotlight,焦点追击(港)  /  惊爆焦点(台),U.S.,Thomas McCarthy,8.8,168867,2015,https://img1.doubanio.com/view/photo/s_ratio_poster/public/p2263822658.jpg,https://movie.douban.com/subject/25954475/
230,这个男人来自地球,The Man from Earth,地球不死人(港)  /  这个人来自洞穴,U.S.,Richard Schenkman,8.5,240639,2007,https://img3.doubanio.com/view/photo/s_ratio_poster/public/p513303986.jpg,https://movie.douban.com/subject/2300586/
231,疯狂的麦克斯4：狂暴之路,Mad Max: Fury Road,末日先锋：战甲飞车(港)  /  疯狂麦斯：愤怒道(台),Australia,George Miller,8.6,286644,2015,https://img3.doubanio.com/view/photo/s_ratio_poster/public/p2236181653.jpg,https://movie.douban.com/subject/3592854/
232,E.T. 外星人,E.T.: The Extra-Terrestrial,外星人E.T.  /  外星人,U.S.,Steven Spielberg,8.5,206566,1982,https://img3.doubanio.com/view/photo/s_ratio_poster/public/p984732992.jpg,https://movie.douban.com/subject/1294638/
233,末路狂花,Thelma & Louise,塞尔玛与路易丝  /  末路狂花,U.S.,Ridley Scott,8.7,135231,1991,https://img3.doubanio.com/view/photo/s_ratio_poster/public/p794583044.jpg,https://movie.douban.com/subject/1291992/
234,发条橙,A Clockwork Orange,发条桔子  /  发条橙子,U.K.,Stanley Kubrick,8.5,233731,1971,https://img3.doubanio.com/view/photo/s_ratio_poster/public/p529908155.jpg,https://movie.douban.com/subject/1292233/
235,黑鹰坠落,Black Hawk Down,黑鹰降落  /  黑鹰计划,U.S.,Ridley Scott,8.6,164733,2001,https://img3.doubanio.com/view/photo/s_ratio_poster/public/p1910900710.jpg,https://movie.douban.com/subject/1291824/
236,变脸,Face/Off,夺面双雄  /  夺命双雄,U.S.,John Woo,8.4,267867,1997,https://img3.doubanio.com/view/photo/s_ratio_poster/public/p2173855883.jpg,https://movie.douban.com/subject/1292659/
237,勇闯夺命岛,The Rock,石破天惊  /  绝地任务,U.S.,Michael Bay,8.6,178688,1996,https://img3.doubanio.com/view/photo/s_ratio_poster/public/p636048104.jpg,https://movie.douban.com/subject/1292728/
238,釜山行,부산행,尸速列车(台)  /  尸杀列车(港),Korea,Sang-ho Yeon,8.4,533093,2016,https://img1.doubanio.com/view/photo/s_ratio_poster/public/p2360940399.jpg,https://movie.douban.com/subject/25986180/
239,黄金三镖客,"Il buono, il brutto, il cattivo.",好·坏·丑  /  独行侠决斗地狱门(港),Italy,Sergio Leone,9.1,69481,1966,https://img1.doubanio.com/view/photo/s_ratio_poster/public/p2101693489.jpg,https://movie.douban.com/subject/1401118/
240,我爱你,그대를 사랑합니다,爱你  /  爱，是一生相伴(台),Korea,Chang-min Choo,9.0,82461,2011,https://img1.doubanio.com/view/photo/s_ratio_poster/public/p1075591188.jpg,https://movie.douban.com/subject/5908478/
241,国王的演讲,The King's Speech,皇上无话儿(港)  /  王者之声：宣战时刻(台),U.K.,Tom Hooper,8.4,428356,2010,https://img1.doubanio.com/view/photo/s_ratio_poster/public/p768879237.jpg,https://movie.douban.com/subject/4023638/
242,遗愿清单,The Bucket List,玩转身前事(港)  /  一路玩到挂(台),U.S.,Rob Reiner,8.6,184512,2007,https://img3.doubanio.com/view/photo/s_ratio_poster/public/p708613284.jpg,https://movie.douban.com/subject/1867345/
243,新世界,신세계,暗黑新世界(台)  /  New World,Korea,Hoon-jung Park,8.7,138807,2013,https://img3.doubanio.com/view/photo/s_ratio_poster/public/p2507486724.jpg,https://movie.douban.com/subject/10437779/
244,非常嫌疑犯,The Usual Suspects,刺激惊爆点(台)  /  普通嫌疑犯,Germany,Bryan Singer,8.6,159325,1995,https://img3.doubanio.com/view/photo/s_ratio_poster/public/p2537319495.jpg,https://movie.douban.com/subject/1292214/
245,秒速5厘米,秒速5センチメートル,秒速五厘米  /  秒速5公分,Japan,Makoto Shinkai,8.3,402441,2007,https://img3.doubanio.com/view/photo/s_ratio_poster/public/p982896012.jpg,https://movie.douban.com/subject/2043546/
246,千钧一发,Gattaca,变种异煞  /  自然人,U.S.,Andrew Niccol,8.7,127005,1997,https://img3.doubanio.com/view/photo/s_ratio_poster/public/p2195672555.jpg,https://movie.douban.com/subject/1300117/
247,卡萨布兰卡,Casablanca,北非谍影(港)  /  卡萨布兰卡,U.S.,Michael Curtiz,8.6,157524,1942,https://img3.doubanio.com/view/photo/s_ratio_poster/public/p2247003945.jpg,https://movie.douban.com/subject/1296753/
248,驴得水,Mr. Donkey,Mr. Donkey,China,Shen Zhou /  Lu Liu,8.3,486621,2016,https://img3.doubanio.com/view/photo/s_ratio_poster/public/p2393044761.jpg,https://movie.douban.com/subject/25921812/
249,四个春天,Four Springs,Four Springs,China,Lu Qing Yi,8.9,83261,2017,https://img1.doubanio.com/view/photo/s_ratio_poster/public/p2540578887.jpg,https://movie.douban.com/subject/27191492/
250,美国丽人,American Beauty,美丽有罪(港)  /  美国心·玫瑰情(台),U.S.,Sam Mendes,8.5,234179,1999,https://img3.doubanio.com/view/photo/s_ratio_poster/public/p571671715.jpg,https://movie.douban.com/subject/1292062/
